{"cobb county":[33.93739,-84.5732],"gwinnett county":[33.95669,-84.02275],"memorial drive":[34.31275,-83.82342],"peachtree":[33.94205,-84.29381],"lawrenceville":[33.95664,-83.98901],"atlanta":[33.75447,-84.38982],"dekalb county":[33.75756,-84.21865]}