{"cobb county":[33.93739,-84.5732],"gwinnett county":[33.95669,-84.02275],"memorial drive":[34.31275,-83.82342],"peachtree":[33.94205,-84.29381],"lawrenceville":[33.95664,-83.98901],"atlanta":[33.75447,-84.38982],"dekalb county":[33.75756,-84.21865],"i-285":[33.78234,-84.49583],"marietta":[33.95285,-84.54961],"riverdale":[33.57261,-84.41326],"duluth":[34.00286,-84.1441],"buckhead":[33.83981,-84.37956],"dunwoody":[33.94638,-84.33427],"rockdale county":[33.64303,-84.03221],"downtown atlanta":[33.76382,-84.38561],"downtown":[33.76382,-84.38561],"chattahoochee":[33.80844,-84.48187],"southwest":[33.82627,-84.12503]}