{"cobb county":[33.93739,-84.5732],"gwinnett county":[33.95669,-84.02275],"memorial drive":[34.31275,-83.82342],"peachtree":[33.94205,-84.29381],"lawrenceville":[33.95664,-83.98901],"atlanta":[33.75447,-84.38982],"dekalb county":[33.75756,-84.21865],"i-285":[33.78234,-84.49583],"marietta":[33.95285,-84.54961],"riverdale":[33.57261,-84.41326],"duluth":[34.00286,-84.1441],"buckhead":[33.83981,-84.37956],"dunwoody":[33.94638,-84.33427],"rockdale county":[33.64303,-84.03221],"downtown atlanta":[33.76382,-84.38561],"downtown":[33.76382,-84.38561],"chattahoochee":[33.80844,-84.48187],"southwest":[33.82627,-84.12503],"peachtree road":[33.85464,-84.35429],"avondale estates":[33.77149,-84.26714],"i-75":[33.79446,-84.39117],"mcdonough":[33.44734,-84.14686],"sandy springs":[33.92427,-84.37854],"browns mill park":null,"douglasville":[33.7515,-84.74771],"fulton county":[34.05811,-84.29617],"decatur":[33.77376,-84.29607],"kennesaw":[34.02343,-84.61549],"clayton county":[33.5205,-84.35917],"georgia 400":[34.24703,-84.09516],"jonesboro":[33.5215,-84.35381],"johns creek":[34.01816,-84.1902],"i-85":[33.76642,-84.38758],"smyrna":[33.88389,-84.51475],"douglas county":[33.69956,-84.7623],"alpharetta":[34.0756,-84.2946],"cartersville":[34.16523,-84.79976],"i-20":[33.75469,-84.46587],"newnan":[33.38067,-84.79966],"conyers":[33.66761,-84.01769],"stone mountain":[33.80622,-84.14575],"mableton":[33.81883,-84.58226],"old fourth ward":[33.76411,-84.37176],"college park":[33.65344,-84.44937],"perimeter":[34.01283,-84.19585],"cherokee county":[34.23913,-84.47203],"austell":[33.81261,-84.63438],"lithonia":[33.71233,-84.10519],"henry county":[33.45199,-84.13678],"acworth":[34.06593,-84.67688],"oakcliff":[33.75863,-84.49037],"powder springs":[33.85955,-84.68382],"home park":[33.78353,-84.39933],"woodstock":[34.10141,-84.51922],"brookhaven":[33.85844,-84.3402],"roswell":[34.02332,-84.36002],"east point":[33.67955,-84.43937],"bartow county":[34.23947,-84.8407],"forest park":[33.62205,-84.36909],"union city":[33.58706,-84.54243],"fayetteville":[33.44873,-84.45493],"midtown":[33.78166,-84.38407],"atlantic station":[33.79006,-84.39852],"fayette county":[33.38993,-84.49538],"paulding county":[33.89085,-84.85692],"doraville":[33.89816,-84.28326]}